date,2007,2008,2009,2010,2011,2012,2013,2014,2015,2016,2017,2018,2019,2020,2021,2022,2023,,,,,
1-Oct,0,0,0,0,0,0,0,0.2,0,0,0,0,0,0,0,0,0,,,,,
2-Oct,0,0,0,0,0,0,0,0.2,0,0,0,0,0,0,0,0,0,,,,,
3-Oct,0,0,0,0,0,0,0,0.1,0,0,0,0,0,0,0,0,0,,,,,
4-Oct,0,1.8,0,0,0,0,0,0,0,0,0,0,0,0,0,0,0,,,,,
5-Oct,0,1.8,0,0,0,0,0,0,0,0,0,0,0,0,0,0,0,,,,,
6-Oct,0,1.6,0,0,0,0,0,0,0,0,0,0,0,0,0,0,0,,,,,
7-Oct,0,1.2,0,0,0,0,0,0,0,0,0,0,0,0,0,0,0,,,,,
8-Oct,0,0.2,0,0,0,0,0,0,0,0,0,0,0,0,0,0,0,,,,,
9-Oct,0,0,0,0,0,0,0,0,0,0,0,0,0,0,0,0,0,,,,,
10-Oct,0,0,0,0,0,0,0,0,0,0,0,0,0,0,0,0,0,,,,,
11-Oct,0,0,0,0,0,0,0,0,0,0,0,0,0,0,0,0,0,,,,,
12-Oct,0,0,0,0,0,0,0,0,0,0,0,0,0,0,0,0,0,,,,,
13-Oct,0,0,0,0,0,0,0,0,0,0,0,0.1,0,0,0,0.3,0,,,,,
14-Oct,0,0,0,0,0,0,0,0,0,0,0,0.4,0,0,0,0.5,0,,,,,
15-Oct,0,0,0,0,0,0,0,0,0,0,0,0.3,0,0,0,0,0,,,,,
16-Oct,0,0,0,0,0,0,0,0,0,0,0,0,0,0,0,0,0,,,,,
17-Oct,0,0.3,0,0,0,0,0,0,0,0,0,0,0,0,0,0,0,,,,,
18-Oct,0,0.5,0,0,0,0,0,0,0,0,0,0,0,0.1,0,0,0,,,,,
19-Oct,0,0.9,0,0,0,0,0,0,0,0,0,0,0,0.1,0,0,0,,,,,
20-Oct,0,0.6,0,0,0,0,0.3,0,0,0,0,0,0,0.1,0,0.1,0,,,,,
21-Oct,0,0.8,0,0,0,0,0.9,0,0,0,0,0,0,0.4,0,0,0,,,,,
22-Oct,0,0.9,0,0,0,0,1.2,0,0,0,0,0.6,0,0.1,0,0.1,0.1,,,,,
23-Oct,0,0,0,0,0,0,1.3,0,0,0,0,0,0,0,0,0,0.1,,,,,
24-Oct,0,0,0,0,0,0,1.7,0,0,0,0,0,0,0,1.1,0,0.3,,,,,
25-Oct,0,0,0,0,0.5,0.1,1.7,0,0,0,0,0,0,0.1,1.1,0,1.5,,,,,
26-Oct,0,0,0,0,2.1,0.1,1.7,0,0,0,0,0,0,0,1.2,0.2,2.2,,,,,
27-Oct,0,0,0,0.5,2.2,0.4,2.4,0,0,0,0,0,0,0,1.3,0.1,2.7,,,,,
28-Oct,0,0,0,0.6,2.1,0.2,1.9,0,0,0,0,0,0,0,0.5,0.1,3,,,,,
29-Oct,0,0,0,0.7,1.9,0.6,1.4,0,0,0,0,0,0,0,0,0.1,2.6,,,,,
30-Oct,0,0,0,0.9,1.7,0.5,0.3,0,0,0,0,0,0,0,0,0,2.4,,,,,
31-Oct,0,0,0,0,1.5,0.1,0,0,0,0,0,0,0,0,0,0,2.2,,,,,
1-Nov,0,0,0,0,1.6,0.3,0,0,0,0,0,0,0,0,0,0.1,1.9,,,,,
2-Nov,0,0,0,0,0.8,0.8,0,0,0,0.4,0,0,0,0,0,0.1,1.8,,,,,
3-Nov,0,0.4,0,0,0.6,1,0,0.7,0,0,0,1,0,0,0,0,1.7,,,,,
4-Nov,0,0,0,0,0.3,1.1,0,0.8,0,0,0,1.3,0,0,0,0.1,3.2,,,,,
5-Nov,0,0,0.8,0,0,1,0,0.8,0,0,0,1.4,0,0,0,0,4.8,,,,,
6-Nov,0,0,0.7,0,0,0.9,0,1.1,0,0,0,1.5,0,0,0,0,4.7,,,,,
7-Nov,0,0,0.6,0.9,0,0.9,0,1,0,0,0,1.5,0,0,0,0.8,5.4,,,,,
8-Nov,0,0,0,2.1,0.2,1.7,0.4,1.1,0,0,0,1.6,0,0,0,2,5.8,,,,,
9-Nov,0,0,0,2.6,0.7,1.9,1.2,1,0,0,0,1.7,0,0,0,2.1,5.9,,,,,
10-Nov,0,0,0,3.2,0.9,2.2,2,0.9,0,0,0,1.8,0.3,0,1.1,3.2,5.9,,,,,
11-Nov,3.2,0,0.1,5.1,0.9,2.1,2.7,0.8,0,0.3,0,1.7,0.4,0,1,3.5,5.9,,,,,
12-Nov,5.2,1.1,0.8,6,1.3,3.5,3.1,0.3,0,0.4,0,1.8,0.4,0,0.9,3.8,6,,,,,
13-Nov,8.9,2.2,0,6,2.1,5,3.1,0,0,2.4,0,1.8,0.5,0,2.4,2.9,6,,,,,
14-Nov,10.5,2.5,0,7.1,2.2,5.8,3.5,0,0,1.7,0,3,0.4,0,4.8,4.5,6.1,,,,,
15-Nov,11.9,2.8,0,7.4,2.1,6.1,3.4,0.2,0,2.7,0,4.3,0.2,0,6,3.5,6.1,,,,,
16-Nov,13.7,2.9,0,9.7,1.8,6.3,3.3,2.4,0,3.3,0.5,5.5,0,0,6.9,2.5,6.2,,,,,
17-Nov,12.9,2.5,0,8.8,1.8,7.9,3.5,2.9,0,4.9,0.6,6.1,0,0,7.9,2.7,6.1,,,,,
18-Nov,12.9,2.5,0,10.1,3.4,8.4,3.3,3.5,0,5.5,0.7,6.6,0,0,8.4,2.6,6,,,,,
19-Nov,13.5,1.1,0,11.6,4.3,9.5,4.7,5,0,5.3,0.8,6.9,0,0,9.2,3.1,5.8,,,,,
20-Nov,13.5,1.5,0,14.7,4.5,9.5,6.1,4.8,0,5.3,1.2,8.6,0,0,9.3,3,5.7,,,,,
21-Nov,14.5,2.1,0.5,14.8,4.5,9.6,6,4.7,0,5.3,1,9.2,0,0,9.9,3,5.8,,,,,
22-Nov,16,2.5,1,15.8,4.8,11.1,7.6,4.5,0,5.4,0.9,9,0,0,9.8,2.9,5.9,,,,,
23-Nov,17.5,2.9,1.4,17,5,14.1,7.8,4.4,0.8,5.3,1.1,6.9,0.6,0,9.9,2.9,6,,,,,
24-Nov,19.2,2.8,1.5,17.8,4.9,14.5,8.7,4.4,2.2,5.8,2,5.8,1.4,0,10,3.7,5.8,,,,,
25-Nov,20.6,2.7,1.4,17.9,4.7,15.5,8.8,4.5,3.3,6,4.7,6,1.4,0,10.5,3.9,5.8,,,,,
26-Nov,21.5,2.9,1.4,18,5.4,16,9,4.5,4,5.9,5.4,5.9,1.5,0.5,11,6,5.8,,,,,
27-Nov,23,4.2,1.3,17.2,7.1,16.8,9,4.5,4,5.8,5.7,5.6,0.7,0.5,11.3,5.8,7.1,,,,,
28-Nov,24,4.2,1.4,16.9,7.4,17,9,4.5,2.5,5.7,7,5.9,0.2,0.5,11.7,5.5,8,,,,,
29-Nov,24.5,4.3,1.9,18.5,7.5,16.5,9,4.4,2.3,5.6,7.1,7.2,0,0.8,11.9,4.4,7.9,,,,,
30-Nov,25.6,4.2,1.5,19,8.2,16.8,8.8,4.5,2.5,5.5,7.2,7.8,0,1.3,11.9,3.9,9.4,,,,,
1-Dec,26.5,4.1,1.1,18.4,10.5,16.8,8.2,5.2,2.6,5.4,8.6,9.1,0,1.6,13.5,3.9,10.3,,,,,
2-Dec,26.9,4.6,0.7,18.3,10.7,16.8,9.8,5.3,2.8,6.4,8.7,11,0,1.6,13.4,3.2,10.3,,,,,
3-Dec,27.2,6.3,0.2,18.5,10.8,16.9,11.6,5.6,3.2,6.2,9.7,11.9,0,1.6,13.4,2.8,10.5,,,,,
4-Dec,27.4,6.7,0,18.8,11,16.8,12.4,5.6,3.2,5.3,10.7,12.1,0,1.1,13.5,2.2,10.6,,,,,
5-Dec,27.9,6,0,18.8,11,16.8,12.5,5.6,2.8,6.4,11.1,12,0,0.7,13.5,2.4,10.5,,,,,
6-Dec,27.9,6,0.2,18.9,11,16.9,13.2,5.6,2.4,9.2,11.5,12.1,0,0.6,13.5,2.7,10.6,,,,,
7-Dec,28,6,0.6,18.9,11,17,15.1,5.6,2.1,9.2,11.7,12.1,0,0.3,13.5,3.6,10.7,,,,,
8-Dec,28.1,6,1.6,18.9,11.9,17.1,16.3,5.6,1.9,9.2,11.6,12.1,0,0,13.6,4.3,10.8,,,,,
9-Dec,28.2,5.7,1.9,18.9,13.2,17.1,16.7,5.6,1.8,9.3,11.7,12.1,0,0,13.1,4.6,11.9,,,,,
10-Dec,28.3,6,3,18.9,14.7,17.3,17.1,5.6,0.4,9.3,13,12.1,1.5,0.2,12.6,5.7,12.6,,,,,
11-Dec,28.2,6.1,3.2,19.1,15.6,17.2,17.5,5.6,0,10.5,14.1,12.1,2.3,0.1,12.6,7,14.3,,,,,
12-Dec,29.5,5.9,3.1,19.3,16.3,17.3,18.4,5.6,0,10.6,15.1,12.1,4.8,0.5,12.9,8.9,14.3,,,,,
13-Dec,30.7,6.2,4.2,18.9,16,17.4,18.5,6.7,0,12.4,15.5,12.1,6.1,1.6,13,10.1,14.1,,,,,
14-Dec,31.5,6.8,4.7,17.7,16.2,17.4,18.8,6.7,0,14.2,15.4,12.1,8.4,2.4,14.5,10.4,14.2,,,,,
15-Dec,34.5,7.4,4.8,17.9,17.4,17.5,19.2,6.3,0,14.3,15.5,12.1,8.8,2.7,15.1,10.5,14.2,,,,,
16-Dec,35.5,8.7,4.8,21,17.5,17.9,20.5,6.2,0,14.6,15.4,12.7,8.8,2.9,16.4,10.8,14.2,,,,,
17-Dec,35.7,9.5,4.8,23.5,17.5,18.4,22.3,6.1,0,14.7,15.3,13,9.6,3.5,17.6,11,14.2,,,,,
18-Dec,36,10.2,5.9,23.6,17.4,18.3,24.3,6.2,0,15.8,15.4,15.9,10,3.5,18.4,11.2,14.3,,,,,
19-Dec,36.6,11.8,6.6,23.8,17.9,18.5,24.9,6.5,0.3,17.3,16,17.1,10.9,3.9,19.7,13.5,14.6,,,,,
20-Dec,37.4,13.8,6.6,23.9,18,18.6,27.6,6.4,1.5,17.8,17.7,19.7,11.2,5.9,21.1,13.6,15,,,,,
21-Dec,38.5,13.9,7,19.2,18.3,18.9,29.5,7.1,2.4,19.5,18.9,19.6,11.6,8.1,21.1,13.6,15.9,,,,,
22-Dec,39.1,14,8.2,17,18.4,18.8,29.6,7.6,2.2,19.9,19,19.7,11.6,8.4,22.1,14.2,15.7,,,,,
23-Dec,39.9,15.6,8.5,20.6,18.6,18.8,30.4,7.8,2.2,20.5,19.5,19.7,12.4,8.4,21.4,16.1,16.1,,,,,
24-Dec,40.9,17,8.5,21.7,20,19.1,30.8,8.5,3.4,21.9,20.6,19.7,13.7,8.4,21.5,16.9,18.2,,,,,
25-Dec,43,17.7,10.3,22.5,20.8,19.6,31,8.4,3.7,22.3,20.6,19.9,13.7,8.4,21.7,17.7,18.3,,,,,
26-Dec,43.4,18.7,10.7,23.1,20.3,19.6,31.6,8.2,4,22.4,20.6,20,13.7,8.4,22.7,18.2,17.9,,,,,
27-Dec,44.1,19.7,11.9,23.4,21.2,20.1,32.3,8.1,4.1,22.5,22.2,20.2,14.1,8.7,23.7,18.6,16.6,,,,,
28-Dec,44.2,20.6,14,23.7,22.4,22.3,32.6,8.1,5.6,23.5,23.6,20.6,14.1,9.1,24.2,18.7,16.4,,,,,
29-Dec,44.8,22.3,14.6,24,22.6,21.3,32.7,8.1,5.7,23.6,24.2,22.6,16,9.3,24.2,18.8,16.7,,,,,
30-Dec,44.9,23.1,16.2,24.1,22.8,21.9,33,8.1,5.5,23.6,26.3,23,16.9,9.3,24.7,19,17.4,,,,,
31-Dec,45.1,24.4,16.7,25.2,22.8,23,33,8,5.6,23.6,26.4,24.5,17.2,9.4,27.5,19.5,18.8,,,,,
1-Jan,45.1,24.6,17.7,26.4,22.8,23.6,33.1,8.3,5.7,23.6,27.1,24.7,17.2,11.4,28.3,19.4,20.1,,,,,
2-Jan,47.2,24.7,18.9,28.1,22.8,23.9,33.2,8.3,6,23.7,27.2,25,17.2,11,29.2,19.6,20.1,,,,,
3-Jan,46,25.9,19.3,28.8,22.9,24.8,33.4,9.8,6.3,23.6,27.2,25.1,17.8,12,31.4,22,20.2,,,,,
4-Jan,49.7,27.2,20,28.4,22.8,25.1,33.7,10.3,6.3,23.6,27.3,25.3,18.1,12.1,31.4,23.4,20.6,,,,,
5-Jan,50.8,28,21.4,28.6,22.9,23.5,34.5,10.4,8.2,23.8,27.5,25.3,17.7,13,33.2,24.2,20.7,,,,,
6-Jan,53.9,29.3,23,26.5,24.7,24.4,35.5,10.6,7.8,24.1,27.6,25,17.4,14.6,35.2,24.5,21.1,,,,,
7-Jan,55,29.8,23.6,25.7,27,25.5,36.3,10.7,7.5,24,27.7,23.5,18.2,17.7,36,26.6,20.8,,,,,
8-Jan,56.8,30,28.5,26,27.5,26.4,37.5,11.3,7.5,23.9,27.8,24.3,18.5,17.7,36.2,27.8,20.7,,,,,
9-Jan,57.6,31.6,30.9,28,28,26.9,37.1,12.4,7.5,23.9,28.6,25,19.2,18,36.5,28.2,21.2,,,,,
10-Jan,57.9,32.8,30.9,26.3,28,26.9,39,13.7,7.5,24,29.5,25.8,19.5,18.2,36.6,28.5,21.9,,,,,
11-Jan,58.1,35.5,32.4,25.8,28,26.5,39.5,15.7,7.5,23.9,29.4,26.5,18.9,20.5,37.3,28.5,22.4,,,,,
12-Jan,58.1,36.9,33,18.8,28.7,26.5,39.9,17.8,7.6,25,29.5,28.6,18.2,21.6,38,28.5,22.5,,,,,
13-Jan,58.2,37.7,32.6,19.3,30.9,26.5,40.2,20.1,7.6,25.1,29.6,28.8,18,23.4,37.9,27.6,22.9,,,,,
14-Jan,58.2,38.1,32,23.3,33,26.6,40.6,20.8,7.6,25.4,29.8,28.6,18.1,23.6,36.8,27.3,21.7,,,,,
15-Jan,58.4,39.3,32.1,25.4,33.7,28.2,40.8,20.7,7.7,25.2,29.9,28.2,18.2,24.4,36.4,27.5,20.8,,,,,
16-Jan,58.6,40.1,32.1,27.2,33.4,28.5,41,20.5,7.9,25.6,29.9,28,18.4,25.5,36.5,27.9,21.5,,,,,
17-Jan,58.9,40.4,32.1,27.2,28.9,29.6,41.3,20.6,8.4,26.6,30.1,28,18.5,25.9,36.7,28.3,22,,,,,
18-Jan,59.1,40.7,32,28,32.4,30.4,41.8,20.7,8.5,27.3,29.3,28.2,19.2,26.3,37.8,28.7,22.7,,,,,
19-Jan,60.3,40.9,32,28.3,32.3,30.8,41.9,20.7,8.4,27.5,31.9,28.1,19.9,27.5,37.8,29,24,,,,,
20-Jan,61.6,41.6,32.1,28.4,32.2,31,42.1,20.8,9.1,27.8,33.3,29.9,19.9,28.1,38,29.3,24.1,,,,,
21-Jan,62.3,41.7,32.1,28.5,33.5,32.9,42.4,20.9,9.1,28.3,33.5,31.7,19.5,27.9,38.3,28.6,24.2,,,,,
22-Jan,62.8,41.9,32.2,28.7,35.4,33.9,42.5,20.8,9.2,28.7,33.9,33.6,19.4,29.2,38.3,28.3,24.5,,,,,
23-Jan,62.4,42.1,32.2,28.7,35.5,34.9,42.6,20.9,9.2,28.1,34.2,35.2,21.8,30.9,38.3,28.5,24.6,,,,,
24-Jan,61.8,42.2,32.3,28.9,35.8,35.2,43.4,21,8.6,28.4,34.2,37.4,22.3,31.1,38.3,28.8,24.7,,,,,
25-Jan,61.8,42.3,32.5,29.6,36.7,37.1,44.1,20.8,8.7,28.6,34.2,38.8,22.4,30.3,38.8,29.1,24.9,,,,,
26-Jan,62,42.4,32.5,30.2,35.8,38.3,44.6,21,8.3,28.4,34.3,39.6,22.5,29.7,39.1,29.2,24.9,,,,,
27-Jan,62.1,43.6,32.5,30.4,35.4,38.7,45.7,21,7.4,28.2,34.3,41,22.6,30.4,39.1,29.4,25.3,,,,,
28-Jan,62.3,43.9,34.4,30.4,35.2,38.7,46.6,20.9,7,28.1,34.5,42.5,22.8,32,39.5,29.6,25.6,,,,,
29-Jan,62.4,44.2,35.2,30.4,36,39.7,47.5,20.9,6.9,28.3,34.5,43.6,22.8,32.8,39.9,29.7,25.4,,,,,
30-Jan,62.6,46.1,35.7,30.4,36.1,41.3,48.7,21,6.9,29.3,34.9,42.2,23,34,39.9,29.8,25.3,,,,,
31-Jan,62.9,47.3,36.2,31.1,35.4,41.3,49.1,21.4,6.9,30.1,34.8,43,23.1,35,41.1,30.5,25.4,,,,,
1-Feb,63.1,48.4,36.2,31,35.1,42.3,50.2,21.7,6.8,30.5,34.1,44.6,23.3,34.6,42.4,30.9,25.7,,,,,
2-Feb,63.1,49.6,37.2,30.8,35,43.4,49.9,21.8,7.1,31.2,34,46.2,25.1,34,42.5,30.9,25.9,,,,,
3-Feb,63.1,49.9,38,30.8,35.2,43.5,49.9,21.9,7.7,31.3,34.1,47.4,24.4,33.6,42.9,31.3,26,,,,,
4-Feb,63.6,50,38.3,30.7,36.4,43.6,50.2,21.9,7.5,32.4,36,44.5,24.5,33.7,42.5,32.1,27.1,,,,,
5-Feb,64.4,50.5,38.6,30.7,35.8,43.7,51,21.9,7.6,33.2,38.2,44.5,24.6,34.7,44.5,33.7,27.8,,,,,
6-Feb,63.6,52.5,38.9,31.5,35.3,43.9,52.4,21.8,6.3,34,38.8,44.5,24.6,36.6,45.5,34.3,28,,,,,
7-Feb,63.2,54.2,39.1,31.1,36.5,43.9,53.3,21.8,5.1,34.5,40.1,45.5,24.7,38.2,47.6,34.4,28.5,,,,,
8-Feb,63.1,57.1,39.1,30.9,36.9,43.9,53.6,21.8,4.4,34.5,40.1,46.6,24.9,39.6,48.1,34.6,30.3,,,,,
9-Feb,62.8,59.1,39.2,31,36.9,44.5,53.8,21.8,4,34.2,40.7,46,25.3,39.9,48.6,35.2,30.5,,,,,
10-Feb,62.6,60.2,39.5,31,36.9,44.8,53.8,22.1,3.5,34.1,40.7,46,25.4,39.8,48.7,35.2,30.8,,,,,
11-Feb,62.9,55.7,39.6,31.1,37,44.5,53.9,23.6,3.2,34.4,40.7,46.3,26.2,39.9,49,35.2,30.9,,,,,
12-Feb,63.5,57.7,39.8,32.2,37.7,44.4,53.9,25,2.7,34.7,41,46.9,27.1,40.3,49.2,35,30.8,,,,,
13-Feb,63.3,59.1,39.8,32.7,39.5,44.2,54.5,26.4,2.4,33.7,41.5,47.2,28.2,40.3,49.4,35,31.5,,,,,
14-Feb,63.3,59.6,39.8,33,39.7,44,55.1,27.2,2.1,35,41.7,48,28.5,40.8,50.1,35,32,,,,,
15-Feb,64.3,59.9,39.8,32.7,40.8,44.1,55.5,28,2,34.5,42.6,49.1,28.8,41.7,50.6,35.4,31.9,,,,,
16-Feb,65.7,61,40,31.6,41.2,44,55.5,29.1,1.8,34,40.6,49.5,29.2,42.8,51.4,35.8,31.9,,,,,
17-Feb,65.1,61.2,40.3,31.6,41.6,44.4,56.3,30.8,1.6,33.9,40.2,51.2,29.2,43.3,52.3,35.9,32.5,,,,,
18-Feb,65.7,61.8,40.4,31.3,41.9,45.6,56.4,32.6,1.4,33.9,40.8,53.5,29.2,44.2,52.5,36.4,33.2,,,,,
19-Feb,66.1,62.2,41,31.6,41.9,47.5,56.4,34.7,1,34.6,41.4,53.8,29.3,44.2,53.3,36.6,34,,,,,
20-Feb,68.2,62.4,40.7,31.9,41.7,48.4,56.4,35.4,0.9,36.3,42.6,54,30.1,44.3,54,38,35.7,,,,,
21-Feb,69.3,62.7,40.7,32.1,41.7,49,56.5,36.3,1.1,37.2,43.4,54.1,30.1,44.4,54.7,39,38.3,,,,,
22-Feb,70,62.8,41,32.4,42.4,52,57.7,36.9,1,37.9,43.5,54.3,30.2,44.4,57.4,38.9,39.2,,,,,
23-Feb,70.5,63.1,42,32.6,43.5,53.6,59.8,37.6,0.9,38.2,43.7,54.4,31,45,57.3,38.9,39.1,,,,,
24-Feb,70.9,63.2,41.7,32.7,44,53.9,60.6,39,0.8,38.2,43.8,55.4,31.1,47.5,57.8,39.1,39,,,,,
25-Feb,72.2,63.5,42.4,33.6,44.1,56.1,61.6,39.7,0.8,38.4,43.7,56.5,31.1,48.1,57.7,39.2,39.1,,,,,
26-Feb,72.5,63.7,43.7,34.6,44.1,57.8,64.5,39.5,0.8,38.4,44.1,57.7,31.1,48.4,60,39.4,39.4,,,,,
27-Feb,72.7,63.8,43.9,35.6,44.3,58.5,64.9,39.5,0.8,38.5,44.5,58.2,31.1,48.7,60.7,40.6,40.4,,,,,
28-Feb,72.9,64.3,43.9,35.4,46.1,58.5,65.5,39.4,0.8,38.7,45,59.5,31.4,49,61,42.3,40.8,,,,,
Feb-29,,64.2,,,,58.9,,,,39.3,,,,49.6,,,,,,,,
1-Mar,73.6,65.1,44,34.8,47.1,59.7,66.9,39.6,0.8,39.2,45.5,60.4,31.4,50.3,61.4,43.9,41.4,,,,,
2-Mar,74.3,65,45.9,34.4,47.6,59.9,66.2,40.3,0.8,41,46.5,61,31.4,50.9,61.5,43.1,41.7,,,,,
3-Mar,75,65,44.6,34.3,48.2,60.9,66.2,42.6,1,41.7,47.8,61.4,31.5,52.6,61.6,42.5,42.8,,,,,
4-Mar,75.6,66.8,43.6,34.4,49.5,63,65.9,44.4,1,39.7,50,61.7,31.4,53.3,61.8,41.8,43.9,,,,,
5-Mar,75.6,67.1,43.6,33.9,50.5,63.7,65.9,45.4,1,39,50.8,62,31.4,53.5,62.3,41.6,44,,,,,
6-Mar,75.8,67.3,44.3,33.9,51.1,65.3,66.1,46.1,1,38.3,51.9,62.5,31.5,54.5,63,42.1,44.1,,,,,
7-Mar,74.7,67.5,44.4,33.8,51.2,65.5,66.5,47.7,0.9,37.8,52.3,62.6,32,55.1,63.2,42.7,44.1,,,,,
8-Mar,74.7,68.1,45.5,33.9,51.2,65.6,66.9,46,0.8,38.3,53.5,62.9,32.2,55.4,63.7,43.1,44.1,,,,,
9-Mar,75.1,68.4,45.8,34,51.9,65.6,67,47.3,0.7,38.7,54,65.1,32.5,55.9,63.7,43.5,44.2,,,,,
10-Mar,75.7,68.4,46.3,33.8,53.9,67.8,67.1,47.5,0.4,40.5,55,65.2,32.3,55.9,63.7,43.2,44.2,,,,,
11-Mar,77.9,69.7,46.3,34,56.1,70,67.5,47.2,0,41.5,55.7,65.2,32.2,56.9,63.8,43.2,44.7,,,,,
12-Mar,71.7,69.2,46.3,35.9,56.7,71.7,67.9,47.3,0,41.9,55.8,65.1,33,57.5,63.9,43.7,45.3,,,,,
13-Mar,70.2,68.8,46.5,37,58.1,73.5,68.7,47.5,0,42.3,55.2,65.2,33.3,57.7,64,44.6,46.8,,,,,
14-Mar,77.4,69,47,37.4,59.3,74.7,69,47.5,0,43.1,55.3,65.9,33.2,57.7,64.1,45.2,48.4,,,,,
15-Mar,78.6,69.5,49.1,37.7,60.6,76.8,68,48.5,0,44.1,52.4,66.3,33.1,57.8,64.8,46.9,48.5,,,,,
16-Mar,80.1,70.2,50.4,37.9,62.7,78.3,66.7,50.1,0,44.7,50,66.2,33.6,58,64.9,48.1,49,,,,,
17-Mar,81.2,70.7,51.6,38.3,64.3,79.8,66.1,49.6,0,44.9,50.2,66.2,33.3,57.8,65.1,48.3,49.1,,,,,
18-Mar,81.3,71.5,52.2,38.6,64.4,80.5,66.4,49.5,0,44.8,51,66.1,33.3,58.1,65.2,49.3,49.3,,,,,
19-Mar,76.7,71.9,53.3,38.3,64.7,80.9,67.4,49.7,0,44.9,50.1,66.3,33.4,58.2,65.5,49.6,49.4,,,,,
20-Mar,72.3,72.5,55,38.2,65,81.2,68.9,51.4,0,44.9,50.3,66.5,33.8,58.2,66.1,51,49.5,,,,,
21-Mar,73.3,73.5,57.5,38.3,65.2,82.3,71.1,52.1,0,45,51.5,66.6,33.9,58.6,67,52,49.4,,,,,
22-Mar,77.4,74.2,56.2,39.2,65.8,83,71.7,52.3,0,45.2,52.9,66.7,33.8,58.8,68.4,52.6,49.6,,,,,
23-Mar,80.1,74.4,55.9,39.1,66.3,83.1,72.4,52.7,0,45.2,54.1,67.7,34,58.6,68.8,52.8,49.7,,,,,
24-Mar,82.4,76.3,55.8,38.8,66.4,83.2,72.6,52.8,0.3,46.4,54.5,67.9,34.2,59.2,68.9,52.6,50.3,,,,,
25-Mar,64.9,76.7,57.4,38.8,66.7,83.3,72.8,52.9,0.4,46.8,56.2,68.1,34.1,59.3,70.3,51.9,51,,,,,
26-Mar,71.3,77.2,58,39.2,67.3,83.2,73,53.9,0.7,47,57,68.4,34.4,59.3,70.4,51.4,51.5,,,,,
27-Mar,76.7,78.3,58,40.2,67.3,83.7,73.4,53.8,0.2,47,57.8,70.1,35.1,59.7,70.7,51.8,51.5,,,,,
28-Mar,78.6,79,58.5,40,67.7,83.9,73.2,54.1,0,48.5,58.7,71.9,35.1,60.4,71,51.5,51.7,,,,,
29-Mar,79.9,79.5,58.9,41.5,68.3,84.7,72.9,54.8,0,48.1,61.6,72.9,35,62.2,72.9,50.9,51.8,,,,,
30-Mar,80.6,79.8,59,43.4,69.2,86.9,72.5,55.7,0,48.1,63.8,73.2,35,63.3,72.9,50.2,51.8,,,,,
31-Mar,80.9,80.4,59.9,43.4,73.6,87.7,72,56.8,0,48,63.5,74,34.9,64.7,72.8,49.8,51.7,,,,,
1-Apr,55,81,61.4,43.6,74.6,88.2,71.5,56.9,0,47.9,63,73.9,34.7,65.5,72.5,49.9,53.1,,,,,
2-Apr,55,81.1,62.6,43.6,74.1,89.2,71.1,56.8,0,47.8,63.3,73.9,34.5,65.3,72.7,50.2,53.2,,,,,
3-Apr,56.5,81.5,63.7,44.8,74.7,89.2,70.7,56.8,0,47.1,63.5,74,34.1,65.3,72.5,50.8,53.9,,,,,
4-Apr,55.2,81.7,64.1,46,74.8,89.6,70.1,57.3,0,46.4,63.4,74,35.2,65.6,72.8,53.5,54.2,,,,,
5-Apr,54.8,82.6,64.3,46.1,76.8,89.7,71.1,57.7,0,46.1,63.5,74.5,33.8,65.7,73.2,55.8,54.3,,,,,
6-Apr,54.1,82.6,65,46.5,77.9,89.9,66.7,58.8,0,45.2,64.9,76.4,33.7,66,72.9,58.6,54.4,,,,,
7-Apr,53.4,83.3,65.8,47.3,78.8,90.1,67.9,58.7,0,44.7,64.1,75.6,33.2,65.9,72.6,58.7,54.9,,,,,
8-Apr,52.3,83.9,66,48.5,78.9,90.1,68.6,58.5,0,44.4,64.4,76.2,33.1,66.2,73.5,58.7,54.4,,,,,
9-Apr,51.8,84.3,64.9,49.8,78.8,90.2,68.6,58.2,0,42.7,64.3,75.4,33.4,66.8,73.7,59.7,54.9,,,,,
10-Apr,53.4,84.4,64.1,50.2,79.3,89.5,68.6,57.3,0,41.1,64,73,33.1,66.8,74.3,60.2,55.6,,,,,
11-Apr,53.9,85,63.9,50.4,81.6,87.9,68.6,57,1,40.2,64.6,72.5,33.5,66.6,74.5,60,55,,,,,
12-Apr,52.8,85.2,64,50.5,82.1,87.7,68.9,56.9,1.3,40,64.5,72.5,34,66.5,74.4,60,55.4,,,,,
13-Apr,52.6,85.4,66.5,50.6,81.3,87.4,69.6,56.8,1.6,41,64.9,72.6,34.3,66.2,74.5,60.6,55.8,,,,,
14-Apr,52.9,84.9,66.5,50.8,81.3,86.9,70.2,56.5,2.1,40.9,65.5,74.2,34.8,65.9,74.6,60.5,55.9,,,,,
15-Apr,52.4,84.4,66,50.2,82.2,86.8,70.6,56.1,2.3,41.2,65.6,74.8,35.2,65.8,74.5,60.6,56.1,,,,,
16-Apr,52.8,84.9,65.7,49.6,82.3,86.5,70.9,56.2,2.3,41.4,65.7,73.5,35.2,65.8,74.1,60.7,56.2,,,,,
17-Apr,53.8,84.9,66.4,49,82.2,86.1,71.1,57.3,1.9,41.3,65.7,74.8,35.4,65.6,73.7,60.6,56.9,,,,,
18-Apr,52.9,85.4,67.5,48.8,82.5,86,71,58,1.3,41.3,66.5,75,35.4,65.1,73.1,60.7,56.9,,,,,
19-Apr,52.8,85.4,66,48.3,82.6,86,71.9,57.2,0.8,40.7,66.3,75.4,35.8,64.8,72.8,61.9,57.3,,,,,
20-Apr,52.9,85.5,65.7,47.4,82.6,87.8,72.3,57.4,0.1,38.8,65.8,75.7,33.8,64.3,72.1,62.4,57.5,,,,,
21-Apr,52.1,86.4,64.9,46.6,82.6,84.1,72.3,56.7,0,36.3,65.7,75.8,32.7,63.8,71.1,62.3,58.3,,,,,
22-Apr,51.6,86.7,63.8,45.7,83.3,82.7,72.9,57.2,0,34.3,65.3,76.5,31.8,63.4,70.2,62.2,58.9,,,,,
23-Apr,51,86.8,62.5,44.9,84.3,82.1,72.8,57.1,0.5,33.4,64.9,76.9,31.8,64,69,62.2,59.8,,,,,
24-Apr,50.2,87.3,61.5,44.9,84.7,81.2,72.4,57.6,1.2,32.2,65,77.1,30.8,64.2,68.3,62.2,59.3,,,,,
25-Apr,50,87,61,45.6,84.7,79.5,72.2,58.7,2,31.5,64.1,76.9,30.3,63.4,68.4,61.8,59.2,,,,,
26-Apr,49.7,87.7,60.6,45.9,84.9,76.4,71.9,58.1,2,30.7,63.7,76.7,29.9,63.1,68.2,61.7,58.1,,,,,
27-Apr,49.4,88.2,60.2,46,85.3,77.1,71.5,58.2,1.6,30.3,64.1,76.9,29.6,61.4,68.1,62,57.8,,,,,
28-Apr,48.7,88.2,60.2,47.1,85.7,77.9,71.7,59.3,0.7,30,64.6,75.8,29.8,60,67.4,61.8,57.3,,,,,
29-Apr,48.4,86.6,59.7,46.9,86.1,78.3,71.6,59.5,0.2,29.9,64.5,73.6,29.7,58.4,67,61.9,56.9,,,,,
30-Apr,47.7,86.3,59.1,46.8,86,78.4,71.2,59.6,0.1,29.9,65.1,71.2,29.8,58.1,67.1,61.6,55.6,,,,,
1-May,47.3,86.7,58.9,47.5,85.8,79.7,70.9,59,0,29.7,65.1,69.9,29.5,57,67.2,61.7,53.4,,,,,
2-May,46.7,86.9,58.3,47,86.6,79.1,71.1,58.1,0,28.7,64.9,68.9,29,55.4,66.1,61.2,52.1,,,,,
3-May,46.3,86.4,57.5,47.4,87.1,79.4,70.9,57.1,0,27.1,64.8,68.2,29.2,55.3,64.6,60.8,51.5,,,,,
4-May,46.7,86.4,56.8,49,87.3,79.8,70.7,56.4,0,25.7,64.7,68.1,28.6,54.8,64.3,60.5,50.5,,,,,
5-May,46.3,85.7,57,50.1,86.5,80.5,70.1,55,0,24.7,63.7,67.1,28.4,53.8,63.9,61,49.2,,,,,
6-May,46.4,85,58.1,50.1,86.6,80.7,68.7,53.2,0.4,23.6,60,66.2,27.8,53.5,63.5,61,48.3,,,,,
7-May,46.7,84.4,58.5,50,86.7,80.5,66.5,53.6,0,22,58,64.8,26.6,53.3,63.1,59.8,47.5,,,,,
8-May,44.6,83.7,58,49.9,87.1,79.9,64.5,53.6,0,20.2,58.3,62.1,25.3,53,64.1,58.5,46.7,,,,,
9-May,43.4,83.5,57,49.7,86.8,79.3,62.7,54.5,0,19.5,58.5,60.5,24.1,52.9,64.4,58.2,46.6,,,,,
10-May,42.9,83.3,56.1,49.3,86.3,79,61,53.4,0,18.7,58.4,58.9,22.7,52.3,64.2,58.8,46.6,,,,,
11-May,41.8,83.4,56.1,48.8,86.5,79.4,59.3,53,0,17.5,57.9,56.8,21,51,64,59.3,46.5,,,,,
12-May,40.8,83.2,55.4,48.1,88.4,78.9,57.4,52.4,0,16.2,58.2,55.9,19.3,49.3,63.7,59.3,46.1,,,,,
13-May,39.2,82.8,55.1,47.4,87,78.1,52.3,51.9,0,14.8,57.4,55.6,18.3,47.8,63.3,59.6,45.3,,,,,
14-May,39.2,83.4,55.8,46.5,84.9,77.1,50.8,51,0,13,57.1,54.4,17.6,46.4,62.6,59.9,44.1,,,,,
15-May,38.1,83.2,55.8,45.4,83.7,76.5,51,49.5,0,11.8,57,51.6,17.1,45.2,61.5,59.7,41.7,,,,,
16-May,36.5,83.2,55,44,82.9,74.7,51.1,47.9,0,10.9,57.2,48.9,15.9,44.2,60.5,61.1,39.1,,,,,
17-May,35.5,81.2,54.2,42.4,82.7,73,50.7,46.3,0,10.1,58.2,46.6,14.9,44.1,58.8,59.7,36.8,,,,,
18-May,34.7,79.2,53.2,41,81.2,71.6,50.3,45.3,0,8.9,58.2,45.1,14,44.3,57.5,58.1,34.7,,,,,
19-May,33.5,77,52.3,40.2,80.2,71.1,49.4,44.7,0,8,57.8,44.3,12.8,40.4,56.2,57.8,32.7,,,,,
20-May,33,75.6,51.3,39.2,79.6,70.6,48.7,43.8,0,7.4,57.1,43.4,11.5,42,55.1,57.2,30.8,,,,,
21-May,33,75.6,50.8,39.3,79.6,72.3,48.2,42.9,0,5.8,56.2,42.5,10.8,41.6,54.5,56.7,28.7,,,,,
22-May,32.9,74.8,49.4,38.8,78.9,71.7,47.6,41.9,0,5.2,54.8,41.4,10.1,41.8,54.1,56.1,27.2,,,,,
23-May,32.1,73.6,48.2,38.6,77.8,70.1,47.1,40.6,0,4.4,52.9,40.2,8.7,41.6,53.4,55.9,26.9,,,,,
24-May,31.4,72.5,47,38.5,76.3,69,46.2,38.8,0,3.7,50,37.9,7,40.3,53,55.4,26.7,,,,,
25-May,30.1,71.5,45.5,38.1,75.5,67,45.6,37.8,0,2.9,49.1,35.6,6,39.2,52.6,54.9,26.5,,,,,
26-May,28.8,70,44.1,37.6,76.1,65.8,45,37.5,0,2,48.3,34,5.3,39.4,52,54.4,25.7,,,,,
27-May,27.9,67.9,43.1,37.4,75.9,64.8,45.1,36.3,0,1.6,47.1,33.3,3.7,38,50.6,54.3,24.2,,,,,
28-May,36.5,65.5,41.2,37.2,75.8,64.1,44.4,35,0,1.5,45.3,32.7,1.3,36.7,50.2,53.3,22.6,,,,,
29-May,27.1,63.5,39.5,36.3,75.3,64.1,43.2,34.7,0,1.2,42.6,32.1,0.4,35.3,49.6,51.8,21.2,,,,,
30-May,25.6,61.6,37.2,35.3,75,63.1,42,34.2,0,0.5,40,31.6,0.1,33.3,47.9,51.2,19.8,,,,,
31-May,24.1,60,34.9,34.1,74.4,62.8,41.2,32.9,0,0,38.1,31.2,0,32.3,46.2,50.3,19,,,,,
1-Jun,22.1,58.9,32.5,33.4,74.9,62.7,39.9,31.4,0,0,36.7,31.2,0,30.8,44.8,48.7,18.4,,,,,
2-Jun,20.5,57.7,30,32.3,75.1,60.5,39.1,29.8,0,0,34.6,30.6,0,29.7,42.5,47.1,17.2,,,,,
3-Jun,18.5,56.6,27.4,31.7,75.7,59.8,38,28,0,0,33,29.3,0,29.1,40.1,45.4,15.9,,,,,
4-Jun,16.9,56.9,24.7,30.1,74.2,58.9,37,26.3,0,0,32,28.8,0,28.4,38,44.7,14.4,,,,,
5-Jun,14.9,56,22,29.3,73.2,58.7,35.4,24.9,0,0,31.1,27.7,0,27.8,36.1,43.1,12.9,,,,,
6-Jun,14.1,55.7,19.4,27.7,72.2,59.5,33.4,23.4,0,0,30.2,27.1,0,27.2,34.6,41.8,11.5,,,,,
7-Jun,14.4,54.9,17.7,27,70.2,58,31.2,21.9,0,0,28.6,25.6,0,26.9,34,40.5,9.6,,,,,
8-Jun,14,54,16.2,25.8,68.2,58.5,29.9,20.6,0,0,26.4,24,0,26.4,33.3,38.9,7.6,,,,,
9-Jun,12.8,52.5,14.7,24.3,66.2,57.8,29,19.1,0,0,24.7,23.5,0,25.7,32.4,37.3,5.4,,,,,
10-Jun,12.6,52.7,12.7,23.2,64.6,57.5,28.1,17.8,0,0,22.9,22.4,0,25.7,31.5,36.8,4.4,,,,,
11-Jun,12,51.9,10.5,22.2,63.2,57.1,26.6,17.2,0,0,22.1,21.7,0,24.2,30.9,35.3,3.5,,,,,
12-Jun,11.2,51.5,8.6,20.9,62.2,56,26,15.5,0,0,21.3,20.7,0,23,30.3,33.8,1.2,,,,,
13-Jun,10.3,50.8,5.3,19.2,61.2,55.7,24.8,13.8,0,0,20.7,19.9,0,22.2,28.9,32.6,0,,,,,
14-Jun,8.8,49.7,2.3,17.8,61.1,55,24,12.7,0,0,20.1,19.5,0,21.4,28,31.6,0,,,,,
15-Jun,8.6,48.4,0.7,16.8,60,54.2,23.1,11.8,0,0,19.5,18.2,0,20.5,26.3,30.7,0,,,,,
16-Jun,8,47.3,0,16.3,58.7,53,21.3,10.7,0,0,19.3,17.1,0,19.6,24.9,29.9,0,,,,,
17-Jun,7.4,45.9,0,15.7,58,52.7,19.1,9.7,0,0,17.2,14.8,0,18.7,23.2,29.1,0,,,,,
18-Jun,6.7,44.7,0,15.1,57.2,50.3,17.2,8.5,0,0,15.9,11.9,0,17.9,21.4,28.3,0,,,,,
19-Jun,5.9,43.7,0,13.4,56.7,49,15.8,6.9,0,0,14.9,9.1,0,16.4,19.5,28.1,0,,,,,
20-Jun,4.4,42.8,0,12.3,56.6,47.6,15.1,4.7,0,0,13,5.7,0,14.5,18.2,27,0,,,,,
21-Jun,2,41.4,0,11.4,55.6,46.1,14,3.6,0,0,11.5,2.1,0,13.3,16.1,25.8,0,,,,,
22-Jun,1.8,40,0,10.6,54.2,44.6,12.7,1.8,0,0,10.6,0.9,0,11.8,13.6,25,0,,,,,
23-Jun,0.4,37.9,0,9,52.8,43.7,10.7,0.8,0,0,8.8,0.5,0,9.8,11.2,23.2,0,,,,,
24-Jun,0,36.3,0,6,51.6,42,9,0,0,0,5.4,0.3,0,7.5,8.8,21.8,0,,,,,
25-Jun,0,34.7,0,3.7,50.5,40.6,7.4,0,0,0,1.8,0,0,5.5,5.4,20.1,0,,,,,
26-Jun,0,33.2,0,1.9,49,39.8,5.4,0,0,0,0.6,0,0,2.4,1.4,17.9,0,,,,,
27-Jun,0,31.9,0,0.6,47.4,39.3,3.7,0,0,0,0.1,0,0,0.9,0,16,0,,,,,
28-Jun,0,29.8,0,0,46.1,37.8,2.5,0,0,0,0,0,0,0.3,0,12.9,0,,,,,
29-Jun,0,26.5,0,0,44.4,36.5,0.8,0,0,0,0,0,0,0,0,10.9,0,,,,,
30-Jun,0,22.5,0,0,43,34.8,0,0,0,0,0,0,0,0,0,9.7,0,,,,,
1-Jul,0,18.3,0,0,41.7,33.1,0,0,0,0,0,0,0,0,0,7.1,0,,,,,
2-Jul,0,14.6,0,0,39.7,30.8,0,0,0,0,0,0,0,0,0,5.2,0,,,,,
3-Jul,0,10.7,0,0,38,29.9,0,0,0,0,0,0,0,0,0,2.5,0,,,,,
4-Jul,0,7.9,0,0,36.2,28.4,0,0,0,0,0,0,0,0,0,1.4,0,,,,,
5-Jul,0,4.7,0,0,34.1,26.5,0,0,0,0,0,0,0,0,0,0,0,,,,,
6-Jul,0,3.3,0,0,31.9,24.3,0,0,0,0,0,0,0,0,0,0,0,,,,,
7-Jul,0,1.9,0,0,29.2,21.6,0,0,0,0,0,0,0,0,0,0,0,,,,,
8-Jul,0,0.7,0,0,27.4,18.4,0,0,0,0,0,0,0,0,0,0,0,,,,,
9-Jul,0,0,0,0,26.3,14.4,0,0,0,0,0,0,0,0,0,0,0,,,,,
10-Jul,0,0,0,0,25.1,9.6,0,0,0,0,0,0,0,0,0,0,0,,,,,
11-Jul,0,0,0,0,23.6,4.2,0,0,0,0,0,0,0,0,0,0,0,,,,,
12-Jul,0,0,0,0,22.1,1.2,0,0,0,0,0,0,0,0,0,0,0,,,,,
13-Jul,0,0,0,0,20.8,0.1,0,0,0,0,0,0,0,0,0,0,0,,,,,
14-Jul,0,0,0,0,19.2,0,0,0,0,0,0,0,0,0,0,0,0,,,,,
15-Jul,0,0,0,0,18,0,0,0,0,0,0,0,0,0,0,0,0,,,,,
16-Jul,0,0,0,0,15.9,0,0,0,0,0,0,0,0,0,0,0,0,,,,,
17-Jul,0,0,0,0,14.2,0,0,0,0,0,0,0,0,0,0,0,0,,,,,
18-Jul,0,0,0,0,12.3,0,0,0,0,0,0,0,0,0,0,0,0,,,,,
19-Jul,0,0,0,0,10.5,0,0,0,0,0,0,0,0,0,0,0,0,,,,,
20-Jul,0,0,0,0,9.3,0,0,0,0,0,0,0,0,0,0,0,0,,,,,
21-Jul,0,0,0,0,7.7,0,0,0,0,0,0,0,0,0,0,0,0,,,,,
22-Jul,0,0,0,0,4.6,0,0,0,0,0,0,0,0,0,0,0,0,,,,,
23-Jul,0,0,0,0,3.1,0,0,0,0,0,0,0,0,0,0,0,0,,,,,
24-Jul,0,0,0,0,0.3,0,0,0,0,0,0,0,0,0,0,0,0,,,,,
25-Jul,0,0,0,0,0,0,0,0,0,0,0,0,0,0,0,0,0,,,,,
26-Jul,0,0,0,0,0,0,0,0,0,0,0,0,0,0,0,0,0,,,,,
27-Jul,0,0,0,0,0,0,0,0,0,0,0,0,0,0,0,0,,,,,,
28-Jul,0,0,0,0,0,0,0,0,0,0,0,0,0,0,0,0,,,,,,
29-Jul,0,0,0,0,0,0,0,0,0,0,0,0,0,0,0,0,,,,,,
30-Jul,0,0,0,0,0,0,0,0,0,0,0,0,0,0,0,0,,,,,,
31-Jul,0,0,0,0,0,0,0,0,0,0,0,0,0,0,0,0,,,,,,
1-Aug,0,0,0,0,0,0,0,0,0,0,0,0,0,0,0,0,,,,,,
2-Aug,0,0,0,0,0,0,0,0,0,0,0,0,0,0,0,0,,,,,,
3-Aug,0,0,0,0,0,0,0,0,0,0,0,0,0,0,0,0,,,,,,
4-Aug,0,0,0,0,0,0,0,0,0,0,0,0,0,0,0,0,,,,,,
5-Aug,0,0,0,0,0,0,0,0,0,0,0,0,0,0,0,0,,,,,,
6-Aug,0,0,0,0,0,0,0,0,0,0,0,0,0,0,0,0,,,,,,
7-Aug,0,0,0,0,0,0,0,0,0,0,0,0,0,0,0,0,,,,,,
8-Aug,0,0,0,0,0,0,0,0,0,0,0,0,0,0,0,0,,,,,,
9-Aug,0,0,0,0,0,0,0,0,0,0,0,0,0,0,0,0,,,,,,
10-Aug,0,0,0,0,0,0,0,0,0,0,0,0,0,0,0,0,,,,,,
11-Aug,0,0,0,0,0,0,0,0,0,0,0,0,0,0,0,0,,,,,,
12-Aug,0,0,0,0,0,0,0,0,0,0,0,0,0,0,0,0,,,,,,
13-Aug,0,0,0,0,0,0,0,0,0,0,0,0,0,0,0,0,,,,,,
14-Aug,0,0,0,0,0,0,0,0,0,0,0,0,0,0,0,0,,,,,,
15-Aug,0,0,0,0,0,0,0,0,0,0,0,0,0,0,0,0,,,,,,
16-Aug,0,0,0,0,0,0,0,0,0,0,0,0,0,0,0,0,,,,,,
17-Aug,0,0,0,0,0,0,0,0,0,0,0,0,0,0,0,0,,,,,,
18-Aug,0,0,0,0,0,0,0,0,0,0,0,0,0,0,0,0,,,,,,
19-Aug,0,0,0,0,0,0,0,0,0,0,0,0,0,0,0,0,,,,,,
20-Aug,0,0,0,0,0,0,0,0,0,0,0,0,0,0,0,0,,,,,,
21-Aug,0,0,0,0,0,0,0,0,0,0,0,0,0,0,0,0,,,,,,
22-Aug,0,0,0,0,0,0,0,0,0,0,0,0,0,0,0,0,,,,,,
23-Aug,0,0,0,0,0,0,0,0,0,0,0,0,0,0,0,0,,,,,,
24-Aug,0,0,0,0,0,0,0,0,0,0,0,0,0,0,0,0,,,,,,
25-Aug,0,0,0,0,0,0,0,0,0,0,0,0,0,0,0,0,,,,,,
26-Aug,0,0,0,0,0,0,0,0,0,0,0,0,0,0,0,0,,,,,,
27-Aug,0,0,0,0,0,0,0,0,0,0,0,0,0,0,0,0,,,,,,
28-Aug,0,0,0,0,0,0,0,0,0,0,0,0,0,0,0,0,,,,,,
29-Aug,0,0,0,0,0,0,0,0,0,0,0,0,0,0,0,0,,,,,,
30-Aug,0,0,0,0,0,0,0,0,0,0,0,0,0,0,0,0,,,,,,
31-Aug,0,0,0,0,0,0,0,0,0,0,0,0,0,0,0,0,,,,,,
1-Sep,0,0,0,0,0,0,0,0,0,0,0,0,0,0,0,0,,,,,,
2-Sep,0,0,0,0,0,0,0,0,0,0,0,0,0,0,0,0,,,,,,
3-Sep,0,0,0,0,0,0,0,0,0,0,0,0,0,0,0,0,,,,,,
4-Sep,0,0,0,0,0,0,0,0,0,0,0,0,0,0,0,0,,,,,,
5-Sep,0,0,0,0,0,0,0,0,0,0,0,0,0,0,0,0,,,,,,
6-Sep,0,0,0,0,0,0,0,0,0,0,0,0,0,0,0,0,,,,,,
7-Sep,0,0,0,0,0,0,0,0,0,0,0,0,0,0,0,0,,,,,,
8-Sep,0,0,0,0,0,0,0,0,0,0,0,0,0,0,0,0,,,,,,
9-Sep,0,0,0,0,0,0,0,0,0,0,0,0,0,0,0,0,,,,,,
10-Sep,0,0,0,0,0,0,0,0,0,0,0,0,0,0,0,0,,,,,,
11-Sep,0,0,0,0,0,0,0,0,0,0,0,0,0,0,0,0,,,,,,
12-Sep,0,0,0,0,0,0,0,0,0,0,0,0,0,0,0,0,,,,,,
13-Sep,0,0,0,0,0,0,0,0,0,0,0,0,0,0,0,0,,,,,,
14-Sep,0,0,0,0,0,0,0,0,0,0,0,0,0,0,0,0,,,,,,
15-Sep,0,0,0,0,0,0,0,0,0,0,0,0,0,0,0,0,,,,,,
16-Sep,0,0,0,0,0,0,0,0,0,0,0,0,0,0,0,0,,,,,,
17-Sep,0,0,0,0,0,0,0,0,0,0,0,0,0,0,0,0,,,,,,
18-Sep,0,0,0,0,0,0,0,0,0,0,0,0,0,0,0,0,,,,,,
19-Sep,0,0,0,0,0,0,0,0,0,0,0,0,0,0,0,0,,,,,,
20-Sep,0,0,0,0,0,0,0,0,0,0,0,0,0,0,0,0,,,,,,
21-Sep,0,0,0,0,0,0,0,0,0,0,0,0,0,0,0,0,,,,,,
22-Sep,0,0,0,0,0,0,0,0,0,0,0,0,0,0,0,0,,,,,,
23-Sep,0,0,0,0,0,0,0,0,0,0,0,0,0,0,0,0,,,,,,
24-Sep,0,0,0,0,0,0,0,0,0,0,0,0,0,0,0,0,,,,,,
25-Sep,0,0,0,0,0,0,0,0,0,0,0,0,0,0,0,0,,,,,,
26-Sep,0,0,0,0,0,0,0,0,0,0,0,0,0,0,0,0,,,,,,
27-Sep,0,0,0,0,0,0,0,0,0,0,0,0,0,0,0,0,,,,,,
28-Sep,0,0,0,0,0,0,0,0,0,0,0,0,0,0,0,0,,,,,,
29-Sep,0,0,0,0,0,0,0,0,0,0,0,0,0,0,0,0,,,,,,
30-Sep,0,0,0,0,0,0,0,0,0,0,0,0,0,0,0,0,,,,,,
